"id","item","condition","group","acc"
1,"A","A",1,0
1,"B","A",1,0
1,"C","A",1,0
1,"D","A",1,0
1,"E","A",1,1
1,"F","A",1,0
1,"G","A",1,0
1,"H","A",1,0
1,"I","A",1,0
1,"J","A",1,1
1,"K","A",1,1
1,"L","A",1,1
1,"M","A",1,1
1,"N","A",1,1
1,"O","A",1,1
1,"P","A",1,1
1,"Q","A",1,0
1,"R","A",1,0
1,"S","A",1,1
1,"T","A",1,0
1,"U","A",1,1
1,"V","A",1,0
1,"W","A",1,1
1,"X","A",1,0
1,"Y","A",1,1
1,"Z","A",1,1
1,"A","B",1,0
1,"B","B",1,1
1,"C","B",1,0
1,"D","B",1,0
1,"E","B",1,1
1,"F","B",1,1
1,"G","B",1,0
1,"H","B",1,1
1,"I","B",1,0
1,"J","B",1,0
1,"K","B",1,1
1,"L","B",1,1
1,"M","B",1,1
1,"N","B",1,1
1,"O","B",1,0
1,"P","B",1,0
1,"Q","B",1,0
1,"R","B",1,1
1,"S","B",1,1
1,"T","B",1,1
1,"U","B",1,0
1,"V","B",1,0
1,"W","B",1,0
1,"X","B",1,1
1,"Y","B",1,1
1,"Z","B",1,1
2,"A","A",1,1
2,"B","A",1,0
2,"C","A",1,0
2,"D","A",1,0
2,"E","A",1,0
2,"F","A",1,1
2,"G","A",1,0
2,"H","A",1,0
2,"I","A",1,0
2,"J","A",1,0
2,"K","A",1,1
2,"L","A",1,0
2,"M","A",1,0
2,"N","A",1,0
2,"O","A",1,1
2,"P","A",1,1
2,"Q","A",1,1
2,"R","A",1,1
2,"S","A",1,0
2,"T","A",1,0
2,"U","A",1,0
2,"V","A",1,0
2,"W","A",1,0
2,"X","A",1,0
2,"Y","A",1,0
2,"Z","A",1,1
2,"A","B",1,0
2,"B","B",1,1
2,"C","B",1,1
2,"D","B",1,0
2,"E","B",1,1
2,"F","B",1,0
2,"G","B",1,0
2,"H","B",1,1
2,"I","B",1,1
2,"J","B",1,1
2,"K","B",1,1
2,"L","B",1,1
2,"M","B",1,0
2,"N","B",1,1
2,"O","B",1,0
2,"P","B",1,1
2,"Q","B",1,1
2,"R","B",1,1
2,"S","B",1,0
2,"T","B",1,0
2,"U","B",1,1
2,"V","B",1,1
2,"W","B",1,0
2,"X","B",1,1
2,"Y","B",1,0
2,"Z","B",1,1
3,"A","A",1,1
3,"B","A",1,0
3,"C","A",1,1
3,"D","A",1,0
3,"E","A",1,0
3,"F","A",1,1
3,"G","A",1,0
3,"H","A",1,0
3,"I","A",1,0
3,"J","A",1,1
3,"K","A",1,1
3,"L","A",1,0
3,"M","A",1,0
3,"N","A",1,0
3,"O","A",1,0
3,"P","A",1,0
3,"Q","A",1,1
3,"R","A",1,0
3,"S","A",1,1
3,"T","A",1,0
3,"U","A",1,1
3,"V","A",1,0
3,"W","A",1,0
3,"X","A",1,1
3,"Y","A",1,1
3,"Z","A",1,0
3,"A","B",1,1
3,"B","B",1,1
3,"C","B",1,1
3,"D","B",1,0
3,"E","B",1,1
3,"F","B",1,1
3,"G","B",1,1
3,"H","B",1,1
3,"I","B",1,1
3,"J","B",1,1
3,"K","B",1,1
3,"L","B",1,1
3,"M","B",1,1
3,"N","B",1,1
3,"O","B",1,1
3,"P","B",1,1
3,"Q","B",1,1
3,"R","B",1,1
3,"S","B",1,1
3,"T","B",1,1
3,"U","B",1,1
3,"V","B",1,1
3,"W","B",1,1
3,"X","B",1,0
3,"Y","B",1,1
3,"Z","B",1,1
4,"A","A",1,0
4,"B","A",1,0
4,"C","A",1,0
4,"D","A",1,1
4,"E","A",1,0
4,"F","A",1,1
4,"G","A",1,0
4,"H","A",1,0
4,"I","A",1,1
4,"J","A",1,0
4,"K","A",1,0
4,"L","A",1,0
4,"M","A",1,0
4,"N","A",1,0
4,"O","A",1,0
4,"P","A",1,1
4,"Q","A",1,1
4,"R","A",1,0
4,"S","A",1,0
4,"T","A",1,0
4,"U","A",1,0
4,"V","A",1,1
4,"W","A",1,1
4,"X","A",1,0
4,"Y","A",1,0
4,"Z","A",1,0
4,"A","B",1,1
4,"B","B",1,1
4,"C","B",1,1
4,"D","B",1,1
4,"E","B",1,1
4,"F","B",1,1
4,"G","B",1,1
4,"H","B",1,1
4,"I","B",1,0
4,"J","B",1,0
4,"K","B",1,1
4,"L","B",1,1
4,"M","B",1,0
4,"N","B",1,1
4,"O","B",1,1
4,"P","B",1,1
4,"Q","B",1,1
4,"R","B",1,1
4,"S","B",1,1
4,"T","B",1,1
4,"U","B",1,1
4,"V","B",1,1
4,"W","B",1,1
4,"X","B",1,1
4,"Y","B",1,0
4,"Z","B",1,1
5,"A","A",1,1
5,"B","A",1,0
5,"C","A",1,1
5,"D","A",1,0
5,"E","A",1,0
5,"F","A",1,1
5,"G","A",1,0
5,"H","A",1,1
5,"I","A",1,0
5,"J","A",1,0
5,"K","A",1,1
5,"L","A",1,0
5,"M","A",1,1
5,"N","A",1,0
5,"O","A",1,1
5,"P","A",1,1
5,"Q","A",1,1
5,"R","A",1,0
5,"S","A",1,1
5,"T","A",1,0
5,"U","A",1,1
5,"V","A",1,0
5,"W","A",1,1
5,"X","A",1,1
5,"Y","A",1,1
5,"Z","A",1,1
5,"A","B",1,0
5,"B","B",1,0
5,"C","B",1,0
5,"D","B",1,0
5,"E","B",1,1
5,"F","B",1,1
5,"G","B",1,1
5,"H","B",1,0
5,"I","B",1,1
5,"J","B",1,1
5,"K","B",1,1
5,"L","B",1,1
5,"M","B",1,1
5,"N","B",1,1
5,"O","B",1,1
5,"P","B",1,0
5,"Q","B",1,0
5,"R","B",1,1
5,"S","B",1,1
5,"T","B",1,1
5,"U","B",1,1
5,"V","B",1,0
5,"W","B",1,1
5,"X","B",1,1
5,"Y","B",1,1
5,"Z","B",1,1
6,"A","A",1,1
6,"B","A",1,1
6,"C","A",1,1
6,"D","A",1,1
6,"E","A",1,1
6,"F","A",1,0
6,"G","A",1,1
6,"H","A",1,0
6,"I","A",1,1
6,"J","A",1,1
6,"K","A",1,0
6,"L","A",1,1
6,"M","A",1,1
6,"N","A",1,1
6,"O","A",1,1
6,"P","A",1,0
6,"Q","A",1,1
6,"R","A",1,0
6,"S","A",1,1
6,"T","A",1,1
6,"U","A",1,1
6,"V","A",1,0
6,"W","A",1,0
6,"X","A",1,1
6,"Y","A",1,0
6,"Z","A",1,1
6,"A","B",1,0
6,"B","B",1,1
6,"C","B",1,0
6,"D","B",1,1
6,"E","B",1,0
6,"F","B",1,1
6,"G","B",1,1
6,"H","B",1,0
6,"I","B",1,1
6,"J","B",1,1
6,"K","B",1,1
6,"L","B",1,1
6,"M","B",1,0
6,"N","B",1,1
6,"O","B",1,0
6,"P","B",1,1
6,"Q","B",1,1
6,"R","B",1,1
6,"S","B",1,1
6,"T","B",1,0
6,"U","B",1,1
6,"V","B",1,0
6,"W","B",1,1
6,"X","B",1,1
6,"Y","B",1,1
6,"Z","B",1,1
7,"A","A",1,1
7,"B","A",1,0
7,"C","A",1,1
7,"D","A",1,0
7,"E","A",1,0
7,"F","A",1,1
7,"G","A",1,1
7,"H","A",1,0
7,"I","A",1,1
7,"J","A",1,1
7,"K","A",1,1
7,"L","A",1,1
7,"M","A",1,1
7,"N","A",1,1
7,"O","A",1,1
7,"P","A",1,0
7,"Q","A",1,0
7,"R","A",1,1
7,"S","A",1,1
7,"T","A",1,1
7,"U","A",1,1
7,"V","A",1,0
7,"W","A",1,0
7,"X","A",1,0
7,"Y","A",1,1
7,"Z","A",1,1
7,"A","B",1,1
7,"B","B",1,1
7,"C","B",1,1
7,"D","B",1,1
7,"E","B",1,1
7,"F","B",1,1
7,"G","B",1,1
7,"H","B",1,1
7,"I","B",1,1
7,"J","B",1,1
7,"K","B",1,1
7,"L","B",1,1
7,"M","B",1,0
7,"N","B",1,1
7,"O","B",1,0
7,"P","B",1,1
7,"Q","B",1,1
7,"R","B",1,1
7,"S","B",1,1
7,"T","B",1,1
7,"U","B",1,1
7,"V","B",1,1
7,"W","B",1,0
7,"X","B",1,1
7,"Y","B",1,1
7,"Z","B",1,1
8,"A","A",1,1
8,"B","A",1,1
8,"C","A",1,1
8,"D","A",1,0
8,"E","A",1,1
8,"F","A",1,1
8,"G","A",1,1
8,"H","A",1,1
8,"I","A",1,1
8,"J","A",1,1
8,"K","A",1,0
8,"L","A",1,1
8,"M","A",1,1
8,"N","A",1,1
8,"O","A",1,0
8,"P","A",1,0
8,"Q","A",1,1
8,"R","A",1,0
8,"S","A",1,1
8,"T","A",1,0
8,"U","A",1,1
8,"V","A",1,1
8,"W","A",1,0
8,"X","A",1,1
8,"Y","A",1,1
8,"Z","A",1,1
8,"A","B",1,1
8,"B","B",1,1
8,"C","B",1,0
8,"D","B",1,0
8,"E","B",1,0
8,"F","B",1,0
8,"G","B",1,1
8,"H","B",1,0
8,"I","B",1,0
8,"J","B",1,0
8,"K","B",1,1
8,"L","B",1,1
8,"M","B",1,1
8,"N","B",1,0
8,"O","B",1,0
8,"P","B",1,0
8,"Q","B",1,0
8,"R","B",1,0
8,"S","B",1,0
8,"T","B",1,0
8,"U","B",1,0
8,"V","B",1,0
8,"W","B",1,1
8,"X","B",1,0
8,"Y","B",1,1
8,"Z","B",1,0
9,"A","A",1,1
9,"B","A",1,1
9,"C","A",1,1
9,"D","A",1,0
9,"E","A",1,1
9,"F","A",1,1
9,"G","A",1,1
9,"H","A",1,0
9,"I","A",1,0
9,"J","A",1,1
9,"K","A",1,0
9,"L","A",1,0
9,"M","A",1,1
9,"N","A",1,0
9,"O","A",1,0
9,"P","A",1,0
9,"Q","A",1,1
9,"R","A",1,1
9,"S","A",1,0
9,"T","A",1,1
9,"U","A",1,0
9,"V","A",1,1
9,"W","A",1,1
9,"X","A",1,1
9,"Y","A",1,0
9,"Z","A",1,1
9,"A","B",1,1
9,"B","B",1,1
9,"C","B",1,0
9,"D","B",1,1
9,"E","B",1,1
9,"F","B",1,1
9,"G","B",1,1
9,"H","B",1,1
9,"I","B",1,1
9,"J","B",1,1
9,"K","B",1,1
9,"L","B",1,1
9,"M","B",1,1
9,"N","B",1,1
9,"O","B",1,1
9,"P","B",1,1
9,"Q","B",1,1
9,"R","B",1,1
9,"S","B",1,1
9,"T","B",1,1
9,"U","B",1,0
9,"V","B",1,1
9,"W","B",1,1
9,"X","B",1,1
9,"Y","B",1,1
9,"Z","B",1,1
10,"A","A",1,1
10,"B","A",1,1
10,"C","A",1,1
10,"D","A",1,0
10,"E","A",1,1
10,"F","A",1,0
10,"G","A",1,1
10,"H","A",1,0
10,"I","A",1,0
10,"J","A",1,1
10,"K","A",1,1
10,"L","A",1,1
10,"M","A",1,0
10,"N","A",1,1
10,"O","A",1,1
10,"P","A",1,0
10,"Q","A",1,1
10,"R","A",1,1
10,"S","A",1,1
10,"T","A",1,1
10,"U","A",1,1
10,"V","A",1,0
10,"W","A",1,0
10,"X","A",1,1
10,"Y","A",1,0
10,"Z","A",1,1
10,"A","B",1,0
10,"B","B",1,1
10,"C","B",1,1
10,"D","B",1,1
10,"E","B",1,0
10,"F","B",1,1
10,"G","B",1,1
10,"H","B",1,0
10,"I","B",1,0
10,"J","B",1,1
10,"K","B",1,1
10,"L","B",1,1
10,"M","B",1,1
10,"N","B",1,1
10,"O","B",1,1
10,"P","B",1,1
10,"Q","B",1,1
10,"R","B",1,1
10,"S","B",1,1
10,"T","B",1,1
10,"U","B",1,1
10,"V","B",1,0
10,"W","B",1,1
10,"X","B",1,1
10,"Y","B",1,1
10,"Z","B",1,1
11,"A","A",1,0
11,"B","A",1,1
11,"C","A",1,0
11,"D","A",1,0
11,"E","A",1,1
11,"F","A",1,0
11,"G","A",1,0
11,"H","A",1,0
11,"I","A",1,0
11,"J","A",1,0
11,"K","A",1,0
11,"L","A",1,0
11,"M","A",1,0
11,"N","A",1,0
11,"O","A",1,1
11,"P","A",1,0
11,"Q","A",1,0
11,"R","A",1,0
11,"S","A",1,1
11,"T","A",1,0
11,"U","A",1,0
11,"V","A",1,0
11,"W","A",1,0
11,"X","A",1,0
11,"Y","A",1,0
11,"Z","A",1,1
11,"A","B",1,1
11,"B","B",1,0
11,"C","B",1,0
11,"D","B",1,0
11,"E","B",1,0
11,"F","B",1,1
11,"G","B",1,0
11,"H","B",1,0
11,"I","B",1,0
11,"J","B",1,0
11,"K","B",1,1
11,"L","B",1,1
11,"M","B",1,1
11,"N","B",1,0
11,"O","B",1,1
11,"P","B",1,1
11,"Q","B",1,0
11,"R","B",1,0
11,"S","B",1,1
11,"T","B",1,0
11,"U","B",1,1
11,"V","B",1,0
11,"W","B",1,0
11,"X","B",1,1
11,"Y","B",1,1
11,"Z","B",1,1
12,"A","A",1,0
12,"B","A",1,1
12,"C","A",1,0
12,"D","A",1,0
12,"E","A",1,1
12,"F","A",1,0
12,"G","A",1,0
12,"H","A",1,1
12,"I","A",1,1
12,"J","A",1,0
12,"K","A",1,0
12,"L","A",1,1
12,"M","A",1,0
12,"N","A",1,0
12,"O","A",1,0
12,"P","A",1,1
12,"Q","A",1,1
12,"R","A",1,1
12,"S","A",1,0
12,"T","A",1,1
12,"U","A",1,1
12,"V","A",1,1
12,"W","A",1,1
12,"X","A",1,1
12,"Y","A",1,0
12,"Z","A",1,0
12,"A","B",1,0
12,"B","B",1,1
12,"C","B",1,0
12,"D","B",1,1
12,"E","B",1,1
12,"F","B",1,1
12,"G","B",1,1
12,"H","B",1,1
12,"I","B",1,1
12,"J","B",1,1
12,"K","B",1,1
12,"L","B",1,1
12,"M","B",1,1
12,"N","B",1,1
12,"O","B",1,1
12,"P","B",1,1
12,"Q","B",1,1
12,"R","B",1,1
12,"S","B",1,1
12,"T","B",1,1
12,"U","B",1,0
12,"V","B",1,1
12,"W","B",1,1
12,"X","B",1,1
12,"Y","B",1,1
12,"Z","B",1,1
13,"A","A",1,1
13,"B","A",1,1
13,"C","A",1,1
13,"D","A",1,1
13,"E","A",1,0
13,"F","A",1,1
13,"G","A",1,0
13,"H","A",1,1
13,"I","A",1,1
13,"J","A",1,0
13,"K","A",1,1
13,"L","A",1,1
13,"M","A",1,0
13,"N","A",1,0
13,"O","A",1,1
13,"P","A",1,1
13,"Q","A",1,1
13,"R","A",1,1
13,"S","A",1,0
13,"T","A",1,0
13,"U","A",1,0
13,"V","A",1,1
13,"W","A",1,1
13,"X","A",1,0
13,"Y","A",1,0
13,"Z","A",1,0
13,"A","B",1,0
13,"B","B",1,0
13,"C","B",1,1
13,"D","B",1,1
13,"E","B",1,1
13,"F","B",1,1
13,"G","B",1,1
13,"H","B",1,1
13,"I","B",1,0
13,"J","B",1,1
13,"K","B",1,1
13,"L","B",1,0
13,"M","B",1,0
13,"N","B",1,0
13,"O","B",1,1
13,"P","B",1,1
13,"Q","B",1,1
13,"R","B",1,1
13,"S","B",1,1
13,"T","B",1,1
13,"U","B",1,1
13,"V","B",1,1
13,"W","B",1,1
13,"X","B",1,1
13,"Y","B",1,1
13,"Z","B",1,1
14,"A","A",1,1
14,"B","A",1,1
14,"C","A",1,0
14,"D","A",1,0
14,"E","A",1,0
14,"F","A",1,0
14,"G","A",1,1
14,"H","A",1,1
14,"I","A",1,1
14,"J","A",1,1
14,"K","A",1,1
14,"L","A",1,0
14,"M","A",1,1
14,"N","A",1,0
14,"O","A",1,0
14,"P","A",1,1
14,"Q","A",1,0
14,"R","A",1,1
14,"S","A",1,1
14,"T","A",1,0
14,"U","A",1,0
14,"V","A",1,1
14,"W","A",1,0
14,"X","A",1,1
14,"Y","A",1,1
14,"Z","A",1,0
14,"A","B",1,1
14,"B","B",1,1
14,"C","B",1,1
14,"D","B",1,1
14,"E","B",1,1
14,"F","B",1,1
14,"G","B",1,1
14,"H","B",1,1
14,"I","B",1,1
14,"J","B",1,1
14,"K","B",1,1
14,"L","B",1,1
14,"M","B",1,1
14,"N","B",1,1
14,"O","B",1,1
14,"P","B",1,1
14,"Q","B",1,0
14,"R","B",1,1
14,"S","B",1,1
14,"T","B",1,1
14,"U","B",1,1
14,"V","B",1,1
14,"W","B",1,1
14,"X","B",1,1
14,"Y","B",1,1
14,"Z","B",1,1
15,"A","A",1,0
15,"B","A",1,1
15,"C","A",1,0
15,"D","A",1,1
15,"E","A",1,1
15,"F","A",1,1
15,"G","A",1,1
15,"H","A",1,1
15,"I","A",1,0
15,"J","A",1,1
15,"K","A",1,1
15,"L","A",1,1
15,"M","A",1,1
15,"N","A",1,1
15,"O","A",1,1
15,"P","A",1,1
15,"Q","A",1,1
15,"R","A",1,1
15,"S","A",1,0
15,"T","A",1,1
15,"U","A",1,1
15,"V","A",1,1
15,"W","A",1,1
15,"X","A",1,1
15,"Y","A",1,1
15,"Z","A",1,1
15,"A","B",1,1
15,"B","B",1,1
15,"C","B",1,0
15,"D","B",1,0
15,"E","B",1,1
15,"F","B",1,1
15,"G","B",1,0
15,"H","B",1,1
15,"I","B",1,1
15,"J","B",1,1
15,"K","B",1,1
15,"L","B",1,0
15,"M","B",1,1
15,"N","B",1,1
15,"O","B",1,1
15,"P","B",1,1
15,"Q","B",1,1
15,"R","B",1,0
15,"S","B",1,1
15,"T","B",1,1
15,"U","B",1,1
15,"V","B",1,1
15,"W","B",1,1
15,"X","B",1,1
15,"Y","B",1,0
15,"Z","B",1,1
16,"A","A",1,1
16,"B","A",1,1
16,"C","A",1,1
16,"D","A",1,0
16,"E","A",1,0
16,"F","A",1,0
16,"G","A",1,1
16,"H","A",1,1
16,"I","A",1,0
16,"J","A",1,0
16,"K","A",1,0
16,"L","A",1,0
16,"M","A",1,0
16,"N","A",1,1
16,"O","A",1,1
16,"P","A",1,0
16,"Q","A",1,1
16,"R","A",1,0
16,"S","A",1,1
16,"T","A",1,1
16,"U","A",1,1
16,"V","A",1,1
16,"W","A",1,0
16,"X","A",1,1
16,"Y","A",1,0
16,"Z","A",1,0
16,"A","B",1,1
16,"B","B",1,0
16,"C","B",1,0
16,"D","B",1,0
16,"E","B",1,0
16,"F","B",1,0
16,"G","B",1,1
16,"H","B",1,0
16,"I","B",1,0
16,"J","B",1,0
16,"K","B",1,1
16,"L","B",1,0
16,"M","B",1,0
16,"N","B",1,0
16,"O","B",1,0
16,"P","B",1,0
16,"Q","B",1,0
16,"R","B",1,0
16,"S","B",1,1
16,"T","B",1,0
16,"U","B",1,0
16,"V","B",1,1
16,"W","B",1,1
16,"X","B",1,0
16,"Y","B",1,0
16,"Z","B",1,1
17,"A","A",1,0
17,"B","A",1,0
17,"C","A",1,0
17,"D","A",1,0
17,"E","A",1,0
17,"F","A",1,0
17,"G","A",1,1
17,"H","A",1,0
17,"I","A",1,1
17,"J","A",1,0
17,"K","A",1,0
17,"L","A",1,0
17,"M","A",1,1
17,"N","A",1,0
17,"O","A",1,1
17,"P","A",1,0
17,"Q","A",1,1
17,"R","A",1,0
17,"S","A",1,0
17,"T","A",1,0
17,"U","A",1,0
17,"V","A",1,1
17,"W","A",1,0
17,"X","A",1,0
17,"Y","A",1,0
17,"Z","A",1,1
17,"A","B",1,1
17,"B","B",1,1
17,"C","B",1,1
17,"D","B",1,0
17,"E","B",1,1
17,"F","B",1,1
17,"G","B",1,0
17,"H","B",1,1
17,"I","B",1,1
17,"J","B",1,1
17,"K","B",1,1
17,"L","B",1,1
17,"M","B",1,0
17,"N","B",1,1
17,"O","B",1,1
17,"P","B",1,1
17,"Q","B",1,1
17,"R","B",1,0
17,"S","B",1,0
17,"T","B",1,0
17,"U","B",1,1
17,"V","B",1,1
17,"W","B",1,1
17,"X","B",1,1
17,"Y","B",1,1
17,"Z","B",1,1
18,"A","A",1,1
18,"B","A",1,1
18,"C","A",1,1
18,"D","A",1,0
18,"E","A",1,1
18,"F","A",1,0
18,"G","A",1,0
18,"H","A",1,0
18,"I","A",1,0
18,"J","A",1,0
18,"K","A",1,0
18,"L","A",1,1
18,"M","A",1,0
18,"N","A",1,1
18,"O","A",1,1
18,"P","A",1,1
18,"Q","A",1,1
18,"R","A",1,1
18,"S","A",1,1
18,"T","A",1,0
18,"U","A",1,0
18,"V","A",1,1
18,"W","A",1,1
18,"X","A",1,0
18,"Y","A",1,0
18,"Z","A",1,0
18,"A","B",1,1
18,"B","B",1,1
18,"C","B",1,1
18,"D","B",1,1
18,"E","B",1,0
18,"F","B",1,1
18,"G","B",1,0
18,"H","B",1,1
18,"I","B",1,1
18,"J","B",1,1
18,"K","B",1,1
18,"L","B",1,1
18,"M","B",1,1
18,"N","B",1,0
18,"O","B",1,1
18,"P","B",1,1
18,"Q","B",1,1
18,"R","B",1,1
18,"S","B",1,1
18,"T","B",1,0
18,"U","B",1,1
18,"V","B",1,1
18,"W","B",1,1
18,"X","B",1,1
18,"Y","B",1,1
18,"Z","B",1,1
19,"A","A",1,1
19,"B","A",1,0
19,"C","A",1,1
19,"D","A",1,1
19,"E","A",1,1
19,"F","A",1,0
19,"G","A",1,1
19,"H","A",1,0
19,"I","A",1,1
19,"J","A",1,0
19,"K","A",1,1
19,"L","A",1,1
19,"M","A",1,1
19,"N","A",1,0
19,"O","A",1,1
19,"P","A",1,1
19,"Q","A",1,1
19,"R","A",1,1
19,"S","A",1,1
19,"T","A",1,1
19,"U","A",1,0
19,"V","A",1,0
19,"W","A",1,1
19,"X","A",1,0
19,"Y","A",1,0
19,"Z","A",1,1
19,"A","B",1,1
19,"B","B",1,1
19,"C","B",1,1
19,"D","B",1,1
19,"E","B",1,1
19,"F","B",1,0
19,"G","B",1,1
19,"H","B",1,1
19,"I","B",1,0
19,"J","B",1,0
19,"K","B",1,1
19,"L","B",1,1
19,"M","B",1,1
19,"N","B",1,1
19,"O","B",1,1
19,"P","B",1,1
19,"Q","B",1,1
19,"R","B",1,1
19,"S","B",1,0
19,"T","B",1,1
19,"U","B",1,1
19,"V","B",1,1
19,"W","B",1,1
19,"X","B",1,1
19,"Y","B",1,1
19,"Z","B",1,1
20,"A","A",1,0
20,"B","A",1,1
20,"C","A",1,0
20,"D","A",1,0
20,"E","A",1,0
20,"F","A",1,1
20,"G","A",1,1
20,"H","A",1,0
20,"I","A",1,0
20,"J","A",1,0
20,"K","A",1,0
20,"L","A",1,1
20,"M","A",1,1
20,"N","A",1,0
20,"O","A",1,0
20,"P","A",1,1
20,"Q","A",1,0
20,"R","A",1,0
20,"S","A",1,0
20,"T","A",1,1
20,"U","A",1,0
20,"V","A",1,0
20,"W","A",1,0
20,"X","A",1,0
20,"Y","A",1,0
20,"Z","A",1,1
20,"A","B",1,1
20,"B","B",1,0
20,"C","B",1,0
20,"D","B",1,1
20,"E","B",1,1
20,"F","B",1,1
20,"G","B",1,0
20,"H","B",1,1
20,"I","B",1,1
20,"J","B",1,0
20,"K","B",1,1
20,"L","B",1,1
20,"M","B",1,1
20,"N","B",1,0
20,"O","B",1,0
20,"P","B",1,1
20,"Q","B",1,1
20,"R","B",1,1
20,"S","B",1,0
20,"T","B",1,1
20,"U","B",1,1
20,"V","B",1,1
20,"W","B",1,0
20,"X","B",1,0
20,"Y","B",1,1
20,"Z","B",1,0
21,"A","A",2,1
21,"B","A",2,1
21,"C","A",2,0
21,"D","A",2,1
21,"E","A",2,1
21,"F","A",2,1
21,"G","A",2,1
21,"H","A",2,1
21,"I","A",2,0
21,"J","A",2,1
21,"K","A",2,0
21,"L","A",2,1
21,"M","A",2,1
21,"N","A",2,0
21,"O","A",2,1
21,"P","A",2,1
21,"Q","A",2,1
21,"R","A",2,1
21,"S","A",2,0
21,"T","A",2,0
21,"U","A",2,1
21,"V","A",2,0
21,"W","A",2,0
21,"X","A",2,1
21,"Y","A",2,1
21,"Z","A",2,0
21,"A","B",2,1
21,"B","B",2,1
21,"C","B",2,1
21,"D","B",2,1
21,"E","B",2,0
21,"F","B",2,1
21,"G","B",2,1
21,"H","B",2,1
21,"I","B",2,1
21,"J","B",2,1
21,"K","B",2,1
21,"L","B",2,0
21,"M","B",2,1
21,"N","B",2,1
21,"O","B",2,1
21,"P","B",2,1
21,"Q","B",2,1
21,"R","B",2,1
21,"S","B",2,0
21,"T","B",2,1
21,"U","B",2,1
21,"V","B",2,1
21,"W","B",2,1
21,"X","B",2,1
21,"Y","B",2,1
21,"Z","B",2,1
22,"A","A",2,1
22,"B","A",2,0
22,"C","A",2,1
22,"D","A",2,0
22,"E","A",2,1
22,"F","A",2,1
22,"G","A",2,1
22,"H","A",2,0
22,"I","A",2,1
22,"J","A",2,1
22,"K","A",2,0
22,"L","A",2,1
22,"M","A",2,1
22,"N","A",2,1
22,"O","A",2,0
22,"P","A",2,0
22,"Q","A",2,1
22,"R","A",2,0
22,"S","A",2,0
22,"T","A",2,0
22,"U","A",2,1
22,"V","A",2,0
22,"W","A",2,0
22,"X","A",2,0
22,"Y","A",2,0
22,"Z","A",2,0
22,"A","B",2,1
22,"B","B",2,1
22,"C","B",2,1
22,"D","B",2,1
22,"E","B",2,1
22,"F","B",2,1
22,"G","B",2,1
22,"H","B",2,0
22,"I","B",2,1
22,"J","B",2,1
22,"K","B",2,1
22,"L","B",2,1
22,"M","B",2,1
22,"N","B",2,1
22,"O","B",2,0
22,"P","B",2,1
22,"Q","B",2,0
22,"R","B",2,0
22,"S","B",2,1
22,"T","B",2,1
22,"U","B",2,1
22,"V","B",2,1
22,"W","B",2,1
22,"X","B",2,1
22,"Y","B",2,1
22,"Z","B",2,1
23,"A","A",2,1
23,"B","A",2,1
23,"C","A",2,1
23,"D","A",2,1
23,"E","A",2,1
23,"F","A",2,1
23,"G","A",2,1
23,"H","A",2,0
23,"I","A",2,1
23,"J","A",2,1
23,"K","A",2,1
23,"L","A",2,1
23,"M","A",2,1
23,"N","A",2,1
23,"O","A",2,1
23,"P","A",2,1
23,"Q","A",2,1
23,"R","A",2,1
23,"S","A",2,1
23,"T","A",2,0
23,"U","A",2,1
23,"V","A",2,1
23,"W","A",2,1
23,"X","A",2,1
23,"Y","A",2,1
23,"Z","A",2,1
23,"A","B",2,1
23,"B","B",2,1
23,"C","B",2,1
23,"D","B",2,1
23,"E","B",2,1
23,"F","B",2,0
23,"G","B",2,1
23,"H","B",2,1
23,"I","B",2,1
23,"J","B",2,1
23,"K","B",2,0
23,"L","B",2,1
23,"M","B",2,1
23,"N","B",2,0
23,"O","B",2,1
23,"P","B",2,1
23,"Q","B",2,0
23,"R","B",2,1
23,"S","B",2,1
23,"T","B",2,1
23,"U","B",2,0
23,"V","B",2,0
23,"W","B",2,1
23,"X","B",2,1
23,"Y","B",2,1
23,"Z","B",2,0
24,"A","A",2,1
24,"B","A",2,1
24,"C","A",2,1
24,"D","A",2,0
24,"E","A",2,1
24,"F","A",2,1
24,"G","A",2,1
24,"H","A",2,1
24,"I","A",2,1
24,"J","A",2,1
24,"K","A",2,0
24,"L","A",2,1
24,"M","A",2,1
24,"N","A",2,1
24,"O","A",2,1
24,"P","A",2,1
24,"Q","A",2,1
24,"R","A",2,1
24,"S","A",2,1
24,"T","A",2,1
24,"U","A",2,1
24,"V","A",2,1
24,"W","A",2,1
24,"X","A",2,1
24,"Y","A",2,1
24,"Z","A",2,0
24,"A","B",2,1
24,"B","B",2,0
24,"C","B",2,1
24,"D","B",2,1
24,"E","B",2,1
24,"F","B",2,1
24,"G","B",2,1
24,"H","B",2,1
24,"I","B",2,1
24,"J","B",2,1
24,"K","B",2,1
24,"L","B",2,1
24,"M","B",2,1
24,"N","B",2,1
24,"O","B",2,1
24,"P","B",2,1
24,"Q","B",2,0
24,"R","B",2,1
24,"S","B",2,0
24,"T","B",2,1
24,"U","B",2,1
24,"V","B",2,1
24,"W","B",2,1
24,"X","B",2,1
24,"Y","B",2,1
24,"Z","B",2,1
25,"A","A",2,1
25,"B","A",2,1
25,"C","A",2,0
25,"D","A",2,0
25,"E","A",2,1
25,"F","A",2,1
25,"G","A",2,1
25,"H","A",2,1
25,"I","A",2,1
25,"J","A",2,1
25,"K","A",2,1
25,"L","A",2,0
25,"M","A",2,1
25,"N","A",2,1
25,"O","A",2,1
25,"P","A",2,1
25,"Q","A",2,0
25,"R","A",2,1
25,"S","A",2,1
25,"T","A",2,1
25,"U","A",2,1
25,"V","A",2,1
25,"W","A",2,1
25,"X","A",2,1
25,"Y","A",2,1
25,"Z","A",2,1
25,"A","B",2,1
25,"B","B",2,1
25,"C","B",2,1
25,"D","B",2,1
25,"E","B",2,1
25,"F","B",2,1
25,"G","B",2,1
25,"H","B",2,0
25,"I","B",2,1
25,"J","B",2,1
25,"K","B",2,1
25,"L","B",2,1
25,"M","B",2,1
25,"N","B",2,1
25,"O","B",2,1
25,"P","B",2,1
25,"Q","B",2,0
25,"R","B",2,1
25,"S","B",2,1
25,"T","B",2,1
25,"U","B",2,1
25,"V","B",2,1
25,"W","B",2,1
25,"X","B",2,1
25,"Y","B",2,1
25,"Z","B",2,1
26,"A","A",2,1
26,"B","A",2,1
26,"C","A",2,0
26,"D","A",2,0
26,"E","A",2,1
26,"F","A",2,1
26,"G","A",2,1
26,"H","A",2,0
26,"I","A",2,1
26,"J","A",2,0
26,"K","A",2,0
26,"L","A",2,1
26,"M","A",2,1
26,"N","A",2,1
26,"O","A",2,1
26,"P","A",2,1
26,"Q","A",2,0
26,"R","A",2,1
26,"S","A",2,0
26,"T","A",2,0
26,"U","A",2,0
26,"V","A",2,1
26,"W","A",2,1
26,"X","A",2,0
26,"Y","A",2,1
26,"Z","A",2,1
26,"A","B",2,1
26,"B","B",2,1
26,"C","B",2,0
26,"D","B",2,0
26,"E","B",2,0
26,"F","B",2,1
26,"G","B",2,0
26,"H","B",2,0
26,"I","B",2,1
26,"J","B",2,0
26,"K","B",2,0
26,"L","B",2,0
26,"M","B",2,0
26,"N","B",2,0
26,"O","B",2,0
26,"P","B",2,0
26,"Q","B",2,0
26,"R","B",2,0
26,"S","B",2,0
26,"T","B",2,0
26,"U","B",2,1
26,"V","B",2,0
26,"W","B",2,0
26,"X","B",2,0
26,"Y","B",2,1
26,"Z","B",2,0
27,"A","A",2,0
27,"B","A",2,1
27,"C","A",2,0
27,"D","A",2,1
27,"E","A",2,0
27,"F","A",2,0
27,"G","A",2,0
27,"H","A",2,0
27,"I","A",2,1
27,"J","A",2,0
27,"K","A",2,0
27,"L","A",2,1
27,"M","A",2,0
27,"N","A",2,0
27,"O","A",2,1
27,"P","A",2,1
27,"Q","A",2,0
27,"R","A",2,0
27,"S","A",2,0
27,"T","A",2,0
27,"U","A",2,0
27,"V","A",2,1
27,"W","A",2,0
27,"X","A",2,0
27,"Y","A",2,0
27,"Z","A",2,1
27,"A","B",2,1
27,"B","B",2,1
27,"C","B",2,1
27,"D","B",2,0
27,"E","B",2,0
27,"F","B",2,1
27,"G","B",2,1
27,"H","B",2,1
27,"I","B",2,1
27,"J","B",2,1
27,"K","B",2,1
27,"L","B",2,1
27,"M","B",2,1
27,"N","B",2,1
27,"O","B",2,1
27,"P","B",2,1
27,"Q","B",2,1
27,"R","B",2,1
27,"S","B",2,1
27,"T","B",2,1
27,"U","B",2,1
27,"V","B",2,1
27,"W","B",2,1
27,"X","B",2,1
27,"Y","B",2,1
27,"Z","B",2,1
28,"A","A",2,1
28,"B","A",2,0
28,"C","A",2,1
28,"D","A",2,1
28,"E","A",2,1
28,"F","A",2,0
28,"G","A",2,1
28,"H","A",2,1
28,"I","A",2,0
28,"J","A",2,0
28,"K","A",2,1
28,"L","A",2,0
28,"M","A",2,0
28,"N","A",2,1
28,"O","A",2,0
28,"P","A",2,1
28,"Q","A",2,0
28,"R","A",2,1
28,"S","A",2,1
28,"T","A",2,1
28,"U","A",2,1
28,"V","A",2,0
28,"W","A",2,1
28,"X","A",2,0
28,"Y","A",2,1
28,"Z","A",2,1
28,"A","B",2,1
28,"B","B",2,1
28,"C","B",2,1
28,"D","B",2,1
28,"E","B",2,1
28,"F","B",2,1
28,"G","B",2,1
28,"H","B",2,0
28,"I","B",2,1
28,"J","B",2,0
28,"K","B",2,1
28,"L","B",2,0
28,"M","B",2,1
28,"N","B",2,0
28,"O","B",2,1
28,"P","B",2,0
28,"Q","B",2,1
28,"R","B",2,1
28,"S","B",2,0
28,"T","B",2,0
28,"U","B",2,1
28,"V","B",2,1
28,"W","B",2,0
28,"X","B",2,1
28,"Y","B",2,0
28,"Z","B",2,1
29,"A","A",2,0
29,"B","A",2,1
29,"C","A",2,1
29,"D","A",2,0
29,"E","A",2,1
29,"F","A",2,1
29,"G","A",2,1
29,"H","A",2,1
29,"I","A",2,0
29,"J","A",2,0
29,"K","A",2,1
29,"L","A",2,0
29,"M","A",2,1
29,"N","A",2,1
29,"O","A",2,1
29,"P","A",2,0
29,"Q","A",2,1
29,"R","A",2,0
29,"S","A",2,0
29,"T","A",2,0
29,"U","A",2,1
29,"V","A",2,1
29,"W","A",2,0
29,"X","A",2,1
29,"Y","A",2,1
29,"Z","A",2,1
29,"A","B",2,1
29,"B","B",2,1
29,"C","B",2,1
29,"D","B",2,1
29,"E","B",2,1
29,"F","B",2,1
29,"G","B",2,1
29,"H","B",2,1
29,"I","B",2,1
29,"J","B",2,1
29,"K","B",2,1
29,"L","B",2,1
29,"M","B",2,1
29,"N","B",2,0
29,"O","B",2,1
29,"P","B",2,1
29,"Q","B",2,1
29,"R","B",2,1
29,"S","B",2,1
29,"T","B",2,0
29,"U","B",2,1
29,"V","B",2,1
29,"W","B",2,1
29,"X","B",2,0
29,"Y","B",2,1
29,"Z","B",2,0
30,"A","A",2,1
30,"B","A",2,1
30,"C","A",2,1
30,"D","A",2,1
30,"E","A",2,1
30,"F","A",2,1
30,"G","A",2,1
30,"H","A",2,1
30,"I","A",2,0
30,"J","A",2,1
30,"K","A",2,1
30,"L","A",2,1
30,"M","A",2,1
30,"N","A",2,1
30,"O","A",2,1
30,"P","A",2,1
30,"Q","A",2,1
30,"R","A",2,1
30,"S","A",2,1
30,"T","A",2,1
30,"U","A",2,1
30,"V","A",2,1
30,"W","A",2,1
30,"X","A",2,1
30,"Y","A",2,1
30,"Z","A",2,1
30,"A","B",2,1
30,"B","B",2,1
30,"C","B",2,1
30,"D","B",2,1
30,"E","B",2,1
30,"F","B",2,1
30,"G","B",2,1
30,"H","B",2,1
30,"I","B",2,1
30,"J","B",2,1
30,"K","B",2,1
30,"L","B",2,0
30,"M","B",2,1
30,"N","B",2,1
30,"O","B",2,1
30,"P","B",2,1
30,"Q","B",2,0
30,"R","B",2,1
30,"S","B",2,1
30,"T","B",2,1
30,"U","B",2,1
30,"V","B",2,1
30,"W","B",2,1
30,"X","B",2,1
30,"Y","B",2,0
30,"Z","B",2,1
31,"A","A",2,0
31,"B","A",2,0
31,"C","A",2,1
31,"D","A",2,0
31,"E","A",2,1
31,"F","A",2,0
31,"G","A",2,0
31,"H","A",2,0
31,"I","A",2,0
31,"J","A",2,1
31,"K","A",2,0
31,"L","A",2,1
31,"M","A",2,0
31,"N","A",2,0
31,"O","A",2,0
31,"P","A",2,0
31,"Q","A",2,0
31,"R","A",2,0
31,"S","A",2,0
31,"T","A",2,1
31,"U","A",2,0
31,"V","A",2,0
31,"W","A",2,1
31,"X","A",2,0
31,"Y","A",2,0
31,"Z","A",2,0
31,"A","B",2,0
31,"B","B",2,0
31,"C","B",2,0
31,"D","B",2,1
31,"E","B",2,1
31,"F","B",2,1
31,"G","B",2,1
31,"H","B",2,1
31,"I","B",2,1
31,"J","B",2,0
31,"K","B",2,0
31,"L","B",2,1
31,"M","B",2,1
31,"N","B",2,0
31,"O","B",2,0
31,"P","B",2,1
31,"Q","B",2,1
31,"R","B",2,0
31,"S","B",2,1
31,"T","B",2,1
31,"U","B",2,1
31,"V","B",2,1
31,"W","B",2,1
31,"X","B",2,1
31,"Y","B",2,1
31,"Z","B",2,1
32,"A","A",2,0
32,"B","A",2,1
32,"C","A",2,0
32,"D","A",2,0
32,"E","A",2,0
32,"F","A",2,0
32,"G","A",2,1
32,"H","A",2,1
32,"I","A",2,1
32,"J","A",2,0
32,"K","A",2,1
32,"L","A",2,1
32,"M","A",2,0
32,"N","A",2,0
32,"O","A",2,1
32,"P","A",2,0
32,"Q","A",2,0
32,"R","A",2,1
32,"S","A",2,0
32,"T","A",2,1
32,"U","A",2,0
32,"V","A",2,1
32,"W","A",2,0
32,"X","A",2,0
32,"Y","A",2,0
32,"Z","A",2,1
32,"A","B",2,1
32,"B","B",2,1
32,"C","B",2,1
32,"D","B",2,1
32,"E","B",2,1
32,"F","B",2,1
32,"G","B",2,1
32,"H","B",2,1
32,"I","B",2,0
32,"J","B",2,1
32,"K","B",2,1
32,"L","B",2,1
32,"M","B",2,0
32,"N","B",2,1
32,"O","B",2,1
32,"P","B",2,1
32,"Q","B",2,1
32,"R","B",2,1
32,"S","B",2,1
32,"T","B",2,1
32,"U","B",2,1
32,"V","B",2,1
32,"W","B",2,1
32,"X","B",2,1
32,"Y","B",2,1
32,"Z","B",2,1
33,"A","A",2,1
33,"B","A",2,1
33,"C","A",2,1
33,"D","A",2,1
33,"E","A",2,0
33,"F","A",2,0
33,"G","A",2,0
33,"H","A",2,1
33,"I","A",2,1
33,"J","A",2,0
33,"K","A",2,0
33,"L","A",2,1
33,"M","A",2,1
33,"N","A",2,0
33,"O","A",2,1
33,"P","A",2,1
33,"Q","A",2,1
33,"R","A",2,0
33,"S","A",2,1
33,"T","A",2,0
33,"U","A",2,1
33,"V","A",2,0
33,"W","A",2,1
33,"X","A",2,1
33,"Y","A",2,1
33,"Z","A",2,1
33,"A","B",2,1
33,"B","B",2,0
33,"C","B",2,1
33,"D","B",2,0
33,"E","B",2,0
33,"F","B",2,1
33,"G","B",2,1
33,"H","B",2,1
33,"I","B",2,1
33,"J","B",2,1
33,"K","B",2,1
33,"L","B",2,1
33,"M","B",2,1
33,"N","B",2,0
33,"O","B",2,1
33,"P","B",2,1
33,"Q","B",2,1
33,"R","B",2,1
33,"S","B",2,0
33,"T","B",2,1
33,"U","B",2,0
33,"V","B",2,0
33,"W","B",2,1
33,"X","B",2,0
33,"Y","B",2,1
33,"Z","B",2,1
34,"A","A",2,0
34,"B","A",2,0
34,"C","A",2,1
34,"D","A",2,1
34,"E","A",2,1
34,"F","A",2,1
34,"G","A",2,0
34,"H","A",2,1
34,"I","A",2,0
34,"J","A",2,1
34,"K","A",2,1
34,"L","A",2,0
34,"M","A",2,0
34,"N","A",2,1
34,"O","A",2,0
34,"P","A",2,0
34,"Q","A",2,1
34,"R","A",2,0
34,"S","A",2,1
34,"T","A",2,1
34,"U","A",2,1
34,"V","A",2,1
34,"W","A",2,1
34,"X","A",2,1
34,"Y","A",2,1
34,"Z","A",2,1
34,"A","B",2,1
34,"B","B",2,0
34,"C","B",2,1
34,"D","B",2,1
34,"E","B",2,1
34,"F","B",2,1
34,"G","B",2,0
34,"H","B",2,1
34,"I","B",2,1
34,"J","B",2,1
34,"K","B",2,1
34,"L","B",2,1
34,"M","B",2,0
34,"N","B",2,1
34,"O","B",2,1
34,"P","B",2,1
34,"Q","B",2,1
34,"R","B",2,0
34,"S","B",2,1
34,"T","B",2,1
34,"U","B",2,1
34,"V","B",2,0
34,"W","B",2,1
34,"X","B",2,1
34,"Y","B",2,0
34,"Z","B",2,1
35,"A","A",2,0
35,"B","A",2,1
35,"C","A",2,1
35,"D","A",2,0
35,"E","A",2,0
35,"F","A",2,1
35,"G","A",2,0
35,"H","A",2,1
35,"I","A",2,0
35,"J","A",2,1
35,"K","A",2,0
35,"L","A",2,0
35,"M","A",2,0
35,"N","A",2,0
35,"O","A",2,0
35,"P","A",2,1
35,"Q","A",2,0
35,"R","A",2,0
35,"S","A",2,1
35,"T","A",2,0
35,"U","A",2,1
35,"V","A",2,0
35,"W","A",2,0
35,"X","A",2,0
35,"Y","A",2,0
35,"Z","A",2,0
35,"A","B",2,1
35,"B","B",2,1
35,"C","B",2,1
35,"D","B",2,0
35,"E","B",2,0
35,"F","B",2,1
35,"G","B",2,1
35,"H","B",2,0
35,"I","B",2,1
35,"J","B",2,1
35,"K","B",2,1
35,"L","B",2,1
35,"M","B",2,1
35,"N","B",2,1
35,"O","B",2,1
35,"P","B",2,1
35,"Q","B",2,0
35,"R","B",2,1
35,"S","B",2,1
35,"T","B",2,1
35,"U","B",2,1
35,"V","B",2,1
35,"W","B",2,0
35,"X","B",2,1
35,"Y","B",2,1
35,"Z","B",2,1
36,"A","A",2,1
36,"B","A",2,1
36,"C","A",2,1
36,"D","A",2,1
36,"E","A",2,1
36,"F","A",2,1
36,"G","A",2,0
36,"H","A",2,0
36,"I","A",2,1
36,"J","A",2,1
36,"K","A",2,0
36,"L","A",2,1
36,"M","A",2,0
36,"N","A",2,1
36,"O","A",2,1
36,"P","A",2,0
36,"Q","A",2,1
36,"R","A",2,1
36,"S","A",2,1
36,"T","A",2,1
36,"U","A",2,0
36,"V","A",2,1
36,"W","A",2,0
36,"X","A",2,1
36,"Y","A",2,1
36,"Z","A",2,1
36,"A","B",2,1
36,"B","B",2,1
36,"C","B",2,0
36,"D","B",2,1
36,"E","B",2,1
36,"F","B",2,1
36,"G","B",2,1
36,"H","B",2,0
36,"I","B",2,1
36,"J","B",2,1
36,"K","B",2,1
36,"L","B",2,1
36,"M","B",2,1
36,"N","B",2,1
36,"O","B",2,1
36,"P","B",2,1
36,"Q","B",2,1
36,"R","B",2,1
36,"S","B",2,1
36,"T","B",2,1
36,"U","B",2,1
36,"V","B",2,1
36,"W","B",2,0
36,"X","B",2,1
36,"Y","B",2,1
36,"Z","B",2,1
37,"A","A",2,1
37,"B","A",2,1
37,"C","A",2,0
37,"D","A",2,1
37,"E","A",2,1
37,"F","A",2,0
37,"G","A",2,1
37,"H","A",2,1
37,"I","A",2,0
37,"J","A",2,1
37,"K","A",2,1
37,"L","A",2,1
37,"M","A",2,1
37,"N","A",2,1
37,"O","A",2,1
37,"P","A",2,1
37,"Q","A",2,1
37,"R","A",2,1
37,"S","A",2,1
37,"T","A",2,1
37,"U","A",2,1
37,"V","A",2,0
37,"W","A",2,1
37,"X","A",2,1
37,"Y","A",2,1
37,"Z","A",2,1
37,"A","B",2,0
37,"B","B",2,1
37,"C","B",2,1
37,"D","B",2,1
37,"E","B",2,1
37,"F","B",2,1
37,"G","B",2,1
37,"H","B",2,1
37,"I","B",2,1
37,"J","B",2,0
37,"K","B",2,1
37,"L","B",2,1
37,"M","B",2,1
37,"N","B",2,1
37,"O","B",2,1
37,"P","B",2,1
37,"Q","B",2,1
37,"R","B",2,1
37,"S","B",2,1
37,"T","B",2,1
37,"U","B",2,1
37,"V","B",2,1
37,"W","B",2,1
37,"X","B",2,1
37,"Y","B",2,1
37,"Z","B",2,1
38,"A","A",2,1
38,"B","A",2,1
38,"C","A",2,1
38,"D","A",2,0
38,"E","A",2,1
38,"F","A",2,1
38,"G","A",2,1
38,"H","A",2,0
38,"I","A",2,1
38,"J","A",2,1
38,"K","A",2,1
38,"L","A",2,1
38,"M","A",2,1
38,"N","A",2,1
38,"O","A",2,1
38,"P","A",2,1
38,"Q","A",2,1
38,"R","A",2,1
38,"S","A",2,0
38,"T","A",2,1
38,"U","A",2,0
38,"V","A",2,1
38,"W","A",2,0
38,"X","A",2,0
38,"Y","A",2,1
38,"Z","A",2,1
38,"A","B",2,1
38,"B","B",2,1
38,"C","B",2,1
38,"D","B",2,1
38,"E","B",2,1
38,"F","B",2,1
38,"G","B",2,1
38,"H","B",2,1
38,"I","B",2,1
38,"J","B",2,1
38,"K","B",2,1
38,"L","B",2,1
38,"M","B",2,1
38,"N","B",2,1
38,"O","B",2,1
38,"P","B",2,1
38,"Q","B",2,1
38,"R","B",2,1
38,"S","B",2,0
38,"T","B",2,1
38,"U","B",2,1
38,"V","B",2,1
38,"W","B",2,1
38,"X","B",2,1
38,"Y","B",2,1
38,"Z","B",2,1
39,"A","A",2,1
39,"B","A",2,0
39,"C","A",2,1
39,"D","A",2,1
39,"E","A",2,1
39,"F","A",2,1
39,"G","A",2,1
39,"H","A",2,0
39,"I","A",2,0
39,"J","A",2,1
39,"K","A",2,1
39,"L","A",2,1
39,"M","A",2,0
39,"N","A",2,1
39,"O","A",2,0
39,"P","A",2,1
39,"Q","A",2,1
39,"R","A",2,0
39,"S","A",2,0
39,"T","A",2,0
39,"U","A",2,1
39,"V","A",2,1
39,"W","A",2,1
39,"X","A",2,1
39,"Y","A",2,1
39,"Z","A",2,1
39,"A","B",2,1
39,"B","B",2,1
39,"C","B",2,0
39,"D","B",2,0
39,"E","B",2,1
39,"F","B",2,1
39,"G","B",2,0
39,"H","B",2,1
39,"I","B",2,0
39,"J","B",2,0
39,"K","B",2,0
39,"L","B",2,1
39,"M","B",2,0
39,"N","B",2,1
39,"O","B",2,0
39,"P","B",2,1
39,"Q","B",2,0
39,"R","B",2,0
39,"S","B",2,0
39,"T","B",2,1
39,"U","B",2,0
39,"V","B",2,1
39,"W","B",2,0
39,"X","B",2,0
39,"Y","B",2,1
39,"Z","B",2,1
40,"A","A",2,1
40,"B","A",2,1
40,"C","A",2,0
40,"D","A",2,1
40,"E","A",2,1
40,"F","A",2,1
40,"G","A",2,1
40,"H","A",2,1
40,"I","A",2,1
40,"J","A",2,1
40,"K","A",2,1
40,"L","A",2,1
40,"M","A",2,0
40,"N","A",2,1
40,"O","A",2,0
40,"P","A",2,1
40,"Q","A",2,1
40,"R","A",2,1
40,"S","A",2,1
40,"T","A",2,0
40,"U","A",2,1
40,"V","A",2,1
40,"W","A",2,1
40,"X","A",2,1
40,"Y","A",2,1
40,"Z","A",2,0
40,"A","B",2,0
40,"B","B",2,1
40,"C","B",2,1
40,"D","B",2,1
40,"E","B",2,1
40,"F","B",2,1
40,"G","B",2,1
40,"H","B",2,1
40,"I","B",2,0
40,"J","B",2,1
40,"K","B",2,1
40,"L","B",2,1
40,"M","B",2,1
40,"N","B",2,1
40,"O","B",2,1
40,"P","B",2,1
40,"Q","B",2,1
40,"R","B",2,1
40,"S","B",2,1
40,"T","B",2,1
40,"U","B",2,1
40,"V","B",2,1
40,"W","B",2,1
40,"X","B",2,1
40,"Y","B",2,1
40,"Z","B",2,1
